Date,Time,Open,High,Low,Close,Volume
2026-02-04,06:00:00,76185.203125,76669.78125,76182.46875,76553.671875,0
2026-02-04,07:00:00,76552.265625,76552.265625,76246.3125,76402.2265625,0
2026-02-04,08:00:00,76412.5,76466.7890625,75993.9296875,76421.3046875,0
2026-02-04,09:00:00,76471.59375,76481.625,75891.5625,76003.046875,0
2026-02-04,10:00:00,75986.21875,76211.890625,75966.2265625,76189.34375,0
2026-02-04,11:00:00,76185.1875,76185.1875,75602.859375,76008.765625,1096249344
2026-02-04,12:00:00,75947.3359375,76140.171875,75925.671875,76048.375,0
2026-02-04,13:00:00,76050.5,76075.46875,74758.4296875,74758.4296875,1647616000
2026-02-04,14:00:00,74772.0703125,75413.5,74255.1640625,74255.1640625,1825669120
2026-02-04,15:00:00,74233.3984375,75031.2109375,73774.4765625,74074.9140625,1654530048
2026-02-04,16:00:00,74013.046875,74067.9375,73001.78125,73541.828125,0
2026-02-04,17:00:00,73513.9609375,73669.7734375,72163.328125,72488.2109375,0
2026-02-04,18:00:00,72412.46875,73908.3125,72147.59375,73406.4765625,0
2026-02-04,19:00:00,73257.71875,73793.578125,72990.5859375,73782.9140625,0
2026-02-04,20:00:00,73768.2265625,73892.3359375,73294.921875,73414.15625,0
2026-02-04,21:00:00,73351.7421875,73420.765625,72076.0390625,72609.0078125,0
2026-02-04,22:00:00,72625.59375,73495.828125,71801.09375,72321.9765625,524906496
2026-02-04,23:00:00,72386.7265625,73315.2578125,72340.1953125,73042.9765625,1920655360
2026-02-05,00:00:00,73019.046875,73096.59375,72626.15625,72715.375,0
2026-02-05,01:00:00,72716.1640625,73161.5546875,71923.4296875,72327.2109375,1462738944
2026-02-05,02:00:00,72259.9609375,72589.4765625,71495.2109375,71502.9609375,2263703552
2026-02-05,03:00:00,71315.2265625,71696.7578125,71033.1875,71080.6328125,2192056320
2026-02-05,04:00:00,71095.203125,71242.34375,70604.3046875,70715.390625,4062175232
2026-02-05,05:00:00,70730.171875,70919.1796875,70045.265625,70544.9609375,3701088256
2026-02-05,06:00:00,70579.46875,70809.6796875,70322.6484375,70787.046875,1348034560
2026-02-05,07:00:00,70804.4375,71392.6015625,70511.1640625,70511.1640625,308125696
2026-02-05,08:00:00,70567.3359375,71358.1328125,70567.3359375,71038.921875,1365311488
2026-02-05,09:00:00,70908.0234375,71770.03125,70908.0234375,71408.4921875,1743953920
2026-02-05,10:00:00,71413.3125,71581.5,70615.9375,70689.8359375,710393856
2026-02-05,11:00:00,70730.5859375,70888.1171875,69875.6015625,70168.015625,3275325440
2026-02-05,12:00:00,70200.3203125,70452.1171875,69099.15625,69455.5234375,938082304
2026-02-05,13:00:00,69427.59375,69605.4296875,69151.953125,69458.4296875,2181881856
2026-02-05,14:00:00,69555.3671875,70626.5546875,69334.984375,69347.7890625,692666368
2026-02-05,15:00:00,69328.6484375,69328.6484375,66666.5625,67298.3125,6255230976
2026-02-05,16:00:00,67372.921875,68465.875,66843.46875,68121.9765625,1920024576
2026-02-05,17:00:00,68169.625,68169.625,66066.1328125,66066.1328125,2916851712
2026-02-05,18:00:00,66050.9453125,66354.328125,65321.4375,66248.5234375,2688524288
2026-02-05,19:00:00,66223.2109375,66408.4765625,65099.53515625,65136.609375,973561856
2026-02-05,20:00:00,65125.8515625,65465.00390625,62473.234375,63543.17578125,8927444992
2026-02-05,21:00:00,63628.7734375,64358.5625,62919.2890625,63136.7578125,5355724800
2026-02-05,22:00:00,63110.16015625,64319.59765625,62652.79296875,63948.0078125,4144545792
2026-02-05,23:00:00,63795.109375,64639.2890625,62796.421875,62978.68359375,1445339136
2026-02-06,00:00:00,62801.2734375,63744.52734375,60074.8046875,63515.5859375,13555834880
2026-02-06,01:00:00,63448.31640625,65623.96875,63448.31640625,65503.72265625,5209243648
2026-02-06,02:00:00,65560.9609375,65882.78125,64253.453125,64803.53515625,179732480
2026-02-06,03:00:00,64896.12890625,65055.5,63812.953125,64074.9453125,0
2026-02-06,04:00:00,64116.52734375,64928.484375,64047.6640625,64807.66015625,0
2026-02-06,05:00:00,64835.25,66687.53125,64774.20703125,66298.2109375,0
2026-02-06,06:00:00,66322.40625,66687.8984375,64851.87890625,65076.14453125,1245216768
2026-02-06,07:00:00,64915.19921875,65411.0546875,64609.625,64802.48046875,198443008
2026-02-06,08:00:00,64748.1484375,65064.28515625,64466.109375,64782.484375,0
2026-02-06,09:00:00,64810.96875,66019.640625,64754.5,65739.6796875,3169878016
2026-02-06,10:00:00,65729.75,66096.640625,65519.984375,65868.8515625,694943744
2026-02-06,11:00:00,65861.453125,66610.0703125,65715.703125,66508.9140625,0
2026-02-06,12:00:00,66528.8515625,66528.8515625,66097.9296875,66455.7734375,0
2026-02-06,13:00:00,66478.7734375,67470.515625,66453.21875,67311.828125,1024229376
2026-02-06,14:00:00,67248.3046875,68567.7890625,66626.734375,68182.078125,2606202880
2026-02-06,15:00:00,67970.34375,69125.625,67871.5859375,68622.9140625,0
2026-02-06,16:00:00,68613.3359375,70167.9375,68516.328125,69743.1484375,0
2026-02-06,17:00:00,69922.9921875,71438.921875,69648.8046875,70801.6171875,1737785344
2026-02-06,18:00:00,70761.6796875,70761.6796875,69397.40625,69745.578125,0
2026-02-06,19:00:00,69736.8203125,70808.890625,69660.2734375,70739.2421875,0
2026-02-06,20:00:00,70672.296875,70923.2890625,70020.3828125,70078.875,0
2026-02-06,21:00:00,70005.5078125,70440.5546875,69863.625,70341.296875,0
2026-02-06,22:00:00,70307.0078125,71467.296875,70255.5859375,71295.2578125,0
2026-02-06,23:00:00,71306.65625,71670.015625,70514.7265625,70533.25,0
2026-02-07,00:00:00,70524.3515625,70524.3515625,69693.6640625,69918.40625,0
2026-02-07,01:00:00,69920.5390625,70601.6484375,69739.125,70479.3984375,0
2026-02-07,02:00:00,70454.4453125,70574.0546875,70152.8515625,70330.5625,0
2026-02-07,03:00:00,70328.234375,70818.9375,70258.2421875,70793.75,437444608
2026-02-07,04:00:00,70873.4921875,71611.1484375,70596.5390625,70678.53125,0
2026-02-07,05:00:00,70722.6015625,71132.3125,69952.828125,70077.4375,0
2026-02-07,06:00:00,70095.2265625,70264.0078125,68887.171875,68887.171875,0
2026-02-07,07:00:00,68751.1640625,68944.3984375,67375.96875,68144.4140625,3177095168
2026-02-07,08:00:00,68076.0,68668.4140625,67767.1171875,68526.3046875,284229632
2026-02-07,09:00:00,68485.5703125,68692.375,67860.796875,68037.2734375,0
2026-02-07,10:00:00,68083.8828125,68234.8828125,67587.890625,67967.296875,885989376
2026-02-07,11:00:00,67986.7109375,68102.90625,67674.640625,67935.734375,0
2026-02-07,12:00:00,67943.171875,69737.5,67943.171875,68888.953125,1515642880
2026-02-07,13:00:00,68963.5859375,69261.984375,68797.7734375,68944.21875,0
2026-02-07,14:00:00,68982.6484375,69088.3359375,68375.5546875,68617.71875,0
2026-02-07,15:00:00,68588.1328125,69585.1484375,68588.1328125,69057.765625,0
2026-02-07,16:00:00,69083.765625,69622.3359375,68819.84375,68935.0546875,0
2026-02-07,17:00:00,68958.2421875,69342.578125,68637.796875,69141.8203125,0
2026-02-07,18:00:00,69135.7734375,69598.5625,68979.609375,69420.8203125,0
2026-02-07,19:00:00,69449.5703125,69513.578125,69241.8984375,69262.84375,0
2026-02-07,20:00:00,69317.5703125,69648.6484375,69217.921875,69589.25,0
2026-02-07,21:00:00,69580.296875,69650.375,69327.2265625,69393.890625,0
2026-02-07,22:00:00,69433.6796875,69656.6640625,69318.4765625,69401.46875,0
2026-02-07,23:00:00,69385.84375,69388.125,68762.859375,69262.75,0
2026-02-08,00:00:00,69302.40625,69356.890625,68852.8984375,68980.015625,0
2026-02-08,01:00:00,69090.8671875,69422.046875,69075.1015625,69318.828125,0
2026-02-08,02:00:00,69346.3515625,69629.640625,69150.921875,69280.2109375,0
2026-02-08,03:00:00,69326.2109375,69367.515625,69033.8359375,69053.3359375,0
2026-02-08,04:00:00,69061.484375,69263.1171875,68951.5703125,69227.8203125,0
2026-02-08,05:00:00,69279.359375,69349.25,69115.953125,69181.0078125,0
2026-02-08,06:00:00,69169.3828125,69339.453125,69049.4765625,69250.5546875,0
2026-02-08,07:00:00,69298.375,69640.6875,69200.8359375,69640.6875,0
2026-02-08,08:00:00,69644.28125,70681.6171875,69501.515625,70629.3203125,0
2026-02-08,09:00:00,70586.15625,70592.4296875,70045.546875,70158.1875,0
2026-02-08,10:00:00,70154.3671875,70361.5234375,69862.25,70193.890625,0
2026-02-08,11:00:00,70185.515625,71117.5859375,70181.1015625,70906.015625,14655488
2026-02-08,12:00:00,70936.6484375,71136.8125,70678.2734375,71108.65625,0
2026-02-08,13:00:00,71184.34375,71455.21875,70977.2578125,71404.6875,0
2026-02-08,14:00:00,71438.5078125,71491.65625,71061.7890625,71155.453125,0
2026-02-08,15:00:00,71177.671875,71389.890625,70790.625,71068.4609375,0
2026-02-08,16:00:00,71098.765625,71187.640625,70327.515625,70333.578125,0
2026-02-08,17:00:00,70363.4921875,70778.40625,70363.4921875,70740.328125,0
2026-02-08,18:00:00,70731.484375,71346.6640625,70731.484375,71145.9921875,0
2026-02-08,19:00:00,71095.375,71471.8828125,71095.375,71368.1640625,0
2026-02-08,20:00:00,71368.8203125,71368.8203125,70726.359375,70788.21875,689606656
2026-02-08,21:00:00,70801.3671875,71049.8203125,70531.390625,70673.9140625,260841472
2026-02-08,22:00:00,70668.7109375,71035.0,70634.1796875,71035.0,0
2026-02-08,23:00:00,71010.4765625,72142.7421875,70016.5546875,70338.71875,2146496512
2026-02-09,00:00:00,70306.1171875,70715.546875,70151.875,70464.6171875,377040896
2026-02-09,01:00:00,70465.1484375,70852.828125,70057.1484375,70335.8125,611954688
2026-02-09,02:00:00,70320.203125,70884.7578125,70186.1640625,70588.921875,211832832
2026-02-09,03:00:00,70565.2109375,71358.8046875,70565.2109375,71210.2890625,1227862016
2026-02-09,04:00:00,71276.8828125,71292.8671875,70904.1640625,70986.0703125,440156160
2026-02-09,05:00:00,70954.515625,71038.953125,70784.546875,70911.234375,0
2026-02-09,06:00:00,70951.203125,70951.203125,70344.0390625,70612.078125,1260109824
2026-02-09,07:00:00,70609.859375,70781.7890625,70340.8828125,70396.03125,765956096
2026-02-09,08:00:00,70424.5546875,70505.0625,69420.140625,69840.75,21630976
2026-02-09,09:00:00,69818.84375,69990.984375,69459.1875,69529.40625,76992512
2026-02-09,10:00:00,69534.65625,69640.125,68418.9921875,68665.3828125,1225433088
2026-02-09,11:00:00,68665.25,68934.640625,68533.2578125,68798.65625,4300800
2026-02-09,12:00:00,68801.234375,69156.1484375,68801.234375,69033.953125,104501248
2026-02-09,13:00:00,69079.9765625,69186.6171875,68622.7421875,68622.7421875,42180608
2026-02-09,14:00:00,68560.2109375,69423.828125,68369.4296875,69246.4921875,2376634368
2026-02-09,15:00:00,69253.15625,69783.625,68835.90625,69482.2890625,278032384
2026-02-09,16:00:00,69517.5546875,70273.5703125,69104.25,70069.5546875,747372544
2026-02-09,17:00:00,70051.171875,70805.4765625,69855.125,70586.125,1908690944
2026-02-09,18:00:00,70585.359375,70917.359375,70080.0,70320.4375,1245003776
2026-02-09,19:00:00,70357.40625,70993.3125,70244.1171875,70882.671875,65581056
2026-02-09,20:00:00,70907.5703125,71043.4765625,70513.1328125,70759.203125,1011019776
2026-02-09,21:00:00,70754.375,70754.375,69874.1875,70373.8125,2359992320
2026-02-09,22:00:00,70390.984375,70620.6015625,70275.1796875,70333.578125,203988992
2026-02-09,23:00:00,70342.640625,70527.109375,70069.9765625,70106.0,0
2026-02-10,00:00:00,70109.421875,70204.34375,69722.859375,69837.25,0
2026-02-10,01:00:00,69828.84375,70449.8515625,69792.7578125,70357.90625,0
2026-02-10,02:00:00,70398.859375,70398.859375,70007.96875,70051.40625,0
2026-02-10,03:00:00,70062.734375,70107.4140625,69226.5,69443.59375,0
2026-02-10,04:00:00,69527.4453125,69831.4140625,69511.515625,69804.0703125,0
2026-02-10,05:00:00,69785.7578125,69801.640625,69190.9921875,69396.2109375,104554496
2026-02-10,06:00:00,69394.6484375,69454.0390625,68737.765625,68879.46875,611274752
2026-02-10,07:00:00,68865.953125,69128.03125,68824.8828125,68896.2421875,0
2026-02-10,08:00:00,68863.609375,69136.046875,68694.0390625,69067.2109375,0
2026-02-10,09:00:00,69073.7578125,69327.78125,68972.890625,69061.3125,0
2026-02-10,10:00:00,69074.8984375,69151.515625,68911.4375,68911.4375,0
2026-02-10,11:00:00,68878.8984375,68992.4609375,68473.6796875,68473.6796875,0
2026-02-10,12:00:00,68469.390625,68793.40625,68454.1953125,68557.109375,578064384
2026-02-10,13:00:00,68557.984375,69070.40625,68443.2109375,68959.328125,0
2026-02-10,14:00:00,68978.9375,69486.421875,67931.1328125,68395.9921875,0
2026-02-10,15:00:00,68448.2109375,69432.3125,68311.7109375,69265.8515625,130531328
2026-02-10,16:00:00,69238.421875,69664.234375,68979.6640625,69521.46875,0
2026-02-10,17:00:00,69515.5,69936.46875,69313.5234375,69766.5234375,0
2026-02-10,18:00:00,69892.78125,69892.78125,68627.484375,68902.0703125,0
2026-02-10,19:00:00,68816.5234375,69225.921875,68736.9609375,68995.203125,0
2026-02-10,20:00:00,69034.5234375,69058.1953125,68636.1171875,68765.265625,0
2026-02-10,21:00:00,68724.515625,68949.484375,68329.9921875,68594.859375,0
2026-02-10,22:00:00,68670.0390625,68770.546875,68546.8359375,68703.6875,0
2026-02-10,23:00:00,68676.2109375,68801.21875,68499.1015625,68775.8046875,0
2026-02-11,00:00:00,68791.1796875,69181.0859375,68758.59375,69181.0859375,0
2026-02-11,01:00:00,69167.3515625,69242.65625,68880.0390625,68948.5234375,227790848
2026-02-11,02:00:00,68927.6171875,69088.5078125,68601.1328125,68665.5234375,100712448
2026-02-11,03:00:00,68641.5390625,68688.03125,68038.984375,68174.8671875,0
2026-02-11,04:00:00,68134.875,68263.1875,67345.0625,67546.71875,1002127360
2026-02-11,05:00:00,67541.1953125,67744.5078125,67381.9921875,67381.9921875,334323712
2026-02-11,06:00:00,67386.5078125,67435.609375,66580.6484375,66750.9140625,63619072
2026-02-11,07:00:00,66773.34375,67192.90625,66629.0,67004.359375,605630464
2026-02-11,08:00:00,67003.2421875,67048.90625,66787.3984375,66945.640625,122159104
2026-02-11,09:00:00,66967.015625,67057.5234375,66712.625,66790.8984375,0
2026-02-11,10:00:00,66819.4375,66844.09375,66365.78125,66504.40625,697245696
2026-02-11,11:00:00,66498.4375,67036.0390625,66498.4375,67025.0234375,593330176
2026-02-11,12:00:00,67025.34375,67363.8984375,66957.3984375,67089.0625,113532928
2026-02-11,13:00:00,67086.546875,67500.890625,66803.5078125,67500.890625,1224560640
2026-02-11,14:00:00,67415.2890625,68564.3984375,66507.4609375,66507.4609375,410157056
2026-02-11,15:00:00,66549.140625,66753.234375,65757.3046875,66516.078125,2106150912
2026-02-11,16:00:00,66471.21875,67173.1796875,66000.5546875,66028.40625,597815296
2026-02-11,17:00:00,66007.5390625,66857.0078125,65899.390625,66552.1328125,0
2026-02-11,18:00:00,66481.375,67238.7890625,66160.6796875,67210.734375,0
2026-02-11,19:00:00,67232.421875,67758.1015625,67112.921875,67536.265625,896196608
2026-02-11,20:00:00,67546.9765625,67668.46875,67177.546875,67583.7890625,52084736
2026-02-11,21:00:00,67523.421875,68268.375,67430.59375,67794.1328125,2262544384
2026-02-11,22:00:00,67760.21875,67806.4453125,67354.703125,67423.765625,0
2026-02-11,23:00:00,67389.1640625,67462.6953125,66757.3046875,66993.1875,27877376
2026-02-12,00:00:00,67025.5546875,67621.8828125,67025.5546875,67478.34375,1322541056
2026-02-12,01:00:00,67451.21875,67986.8359375,67451.21875,67642.1875,467308544
2026-02-12,02:00:00,67654.1328125,67701.0390625,67384.140625,67400.515625,0
2026-02-12,03:00:00,67388.8671875,67529.8125,67296.359375,67529.8125,0
2026-02-12,04:00:00,67544.3984375,67584.703125,66993.4375,66993.4375,0
2026-02-12,05:00:00,66984.5546875,67118.9453125,66652.453125,67069.1953125,0
2026-02-12,06:00:00,67080.75,67273.9375,66987.703125,67047.5078125,0
2026-02-12,07:00:00,67047.46875,67269.6171875,66895.578125,67183.5625,0
2026-02-12,08:00:00,67181.328125,67258.796875,66885.03125,67089.2421875,0
2026-02-12,09:00:00,67074.5703125,67621.7421875,67020.9140625,67534.078125,30863360
2026-02-12,10:00:00,67511.4296875,67904.09375,67380.609375,67904.09375,0
2026-02-12,11:00:00,67966.734375,68204.9609375,67747.2734375,68084.796875,656887808
2026-02-12,12:00:00,68108.84375,68108.84375,67706.625,67800.859375,0
2026-02-12,13:00:00,67818.671875,68315.1328125,67673.9765625,68315.1328125,0
2026-02-12,14:00:00,68324.65625,68324.65625,67503.6875,67697.4140625,0
2026-02-12,15:00:00,67654.2109375,67942.7578125,67091.15625,67116.5078125,0
2026-02-12,16:00:00,67161.2578125,67163.296875,65546.3671875,65785.0078125,745521152
2026-02-12,17:00:00,65785.7890625,66166.015625,65420.82421875,65447.46875,1507622912
2026-02-12,18:00:00,65366.703125,65709.8125,65109.65625,65581.5859375,1306533888
2026-02-12,19:00:00,65527.98046875,66047.2890625,65253.60546875,65781.4140625,30285824
2026-02-12,20:00:00,65740.4296875,65939.5234375,65226.83984375,65356.19921875,387616768
2026-02-12,21:00:00,65338.66015625,65820.4453125,65338.66015625,65735.375,0
2026-02-12,22:00:00,65753.875,66294.3046875,65605.40625,66255.21875,0
2026-02-12,23:00:00,66248.3046875,66390.46875,66150.0234375,66228.3984375,658571264
2026-02-13,00:00:00,66202.6640625,66443.3671875,65843.5390625,65950.078125,79224832
2026-02-13,01:00:00,65908.203125,66535.78125,65896.0,66330.4765625,43921408
2026-02-13,02:00:00,66372.8203125,66675.40625,66372.8203125,66666.5,0
2026-02-13,03:00:00,66641.265625,66710.9609375,66421.515625,66452.0,139702272
2026-02-13,04:00:00,66470.5078125,66599.0,66274.203125,66304.015625,0
2026-02-13,05:00:00,66269.4453125,66441.8359375,66172.875,66172.875,32370688
2026-02-13,06:00:00,66138.421875,66310.0078125,65969.515625,66310.0078125,0
2026-02-13,07:00:00,66316.5859375,66493.4765625,66003.5390625,66145.0,801742848
2026-02-13,08:00:00,66155.3515625,66643.3046875,66155.3515625,66601.9296875,169791488
2026-02-13,09:00:00,66619.1796875,66966.984375,66589.125,66887.1328125,0
2026-02-13,10:00:00,66903.578125,67037.203125,66764.6796875,66946.578125,0
2026-02-13,11:00:00,66927.6484375,67143.9296875,66768.1015625,67143.9296875,0
2026-02-13,12:00:00,67120.625,67145.4140625,66896.59375,67045.328125,0
2026-02-13,13:00:00,67040.15625,67465.65625,66914.0390625,67259.4453125,1003941888
2026-02-13,14:00:00,67234.3359375,67901.8046875,66886.7890625,67689.4140625,346615808
2026-02-13,15:00:00,67682.7265625,69208.4765625,67682.7265625,68573.484375,1946025984
2026-02-13,16:00:00,68632.4375,69330.0078125,68632.4375,68914.1171875,0
2026-02-13,17:00:00,68918.1796875,69158.5703125,68641.28125,69031.4921875,0
2026-02-13,18:00:00,68998.921875,69346.125,68880.7421875,69091.9921875,0
2026-02-13,19:00:00,69100.2578125,69190.609375,68925.75,68956.765625,0
2026-02-13,20:00:00,68967.8671875,68967.8671875,68649.2421875,68698.0078125,0
2026-02-13,21:00:00,68738.234375,69012.0546875,68738.234375,68800.84375,0
2026-02-13,22:00:00,68850.875,68943.34375,68708.734375,68898.0,0
2026-02-13,23:00:00,68948.7890625,68948.7890625,68827.7890625,68860.65625,0
2026-02-14,00:00:00,68857.7265625,69076.6640625,68756.8828125,69057.90625,0
2026-02-14,01:00:00,69057.3515625,69074.578125,68896.203125,68931.6484375,0
2026-02-14,02:00:00,68927.3671875,68969.3046875,68834.9453125,68859.875,0
2026-02-14,03:00:00,68847.546875,68972.0703125,68830.265625,68942.359375,0
2026-02-14,04:00:00,68941.2421875,68943.3671875,68766.6640625,68771.7265625,0
2026-02-14,05:00:00,68766.0,68873.6328125,68741.171875,68741.171875,0
2026-02-14,06:00:00,68739.2578125,68891.5,68706.6171875,68891.5,0
2026-02-14,07:00:00,68899.234375,69288.78125,68865.015625,69194.46875,0
2026-02-14,08:00:00,69184.8515625,69796.890625,69184.8515625,69732.4140625,853553152
2026-02-14,09:00:00,69708.3828125,69842.265625,69561.015625,69688.65625,0
2026-02-14,10:00:00,69689.4921875,69689.4921875,69560.9609375,69616.640625,0
2026-02-14,11:00:00,69630.1171875,70448.53125,69630.1171875,70448.53125,1428320256
2026-02-14,12:00:00,70459.6796875,70459.6796875,69683.359375,69784.71875,1516892160
2026-02-14,13:00:00,69641.0703125,69725.2421875,69262.09375,69413.359375,1386287104
2026-02-14,14:00:00,69430.265625,69831.0703125,69346.2578125,69761.71875,0
2026-02-14,15:00:00,69675.640625,70000.3359375,69601.0859375,69782.0390625,0
2026-02-14,16:00:00,69767.5234375,69778.0234375,69286.7734375,69717.2421875,0
2026-02-14,17:00:00,69721.0859375,69877.1953125,69620.0546875,69670.140625,0
2026-02-14,18:00:00,69701.5390625,69806.3125,69656.8046875,69727.0078125,0
2026-02-14,19:00:00,69732.53125,69875.7734375,69615.3828125,69819.7578125,0
2026-02-14,20:00:00,69823.3203125,69985.1796875,69782.3828125,69985.1796875,0
2026-02-14,21:00:00,69986.453125,70206.0625,69659.140625,69886.1328125,114335744
2026-02-14,22:00:00,69885.6328125,70003.8203125,69794.5234375,69942.1015625,270086144
2026-02-14,23:00:00,69932.265625,69976.1015625,69731.1640625,69767.5,119160832
2026-02-15,00:00:00,69758.5390625,69812.2890625,69591.5234375,69724.3984375,0
2026-02-15,01:00:00,69724.0625,69855.3125,69354.4921875,69649.7109375,312229888
2026-02-15,02:00:00,69665.34375,69708.6640625,69368.703125,69510.0078125,262086656
2026-02-15,03:00:00,69492.8046875,69957.2265625,69270.2265625,69957.2265625,974991360
2026-02-15,04:00:00,69929.2109375,70480.921875,69929.2109375,70130.5234375,2041339904
2026-02-15,05:00:00,70159.1875,70431.7265625,70119.0234375,70265.6328125,704933888
2026-02-15,06:00:00,70249.375,70495.7890625,70173.5859375,70372.9296875,172240896
2026-02-15,07:00:00,70376.8984375,70840.4609375,70293.265625,70750.796875,1229418496
2026-02-15,08:00:00,70782.1796875,70917.6328125,70177.3359375,70404.765625,5611520
2026-02-15,09:00:00,70407.03125,70611.4375,70360.421875,70391.078125,0
2026-02-15,10:00:00,70389.9765625,70473.6875,70206.6796875,70411.1171875,268488704
2026-02-15,11:00:00,70398.2265625,70488.0703125,70241.4609375,70266.6796875,0
2026-02-15,12:00:00,70263.6484375,70375.4140625,69396.921875,69396.921875,0
2026-02-15,13:00:00,69330.453125,69562.0078125,68773.4921875,68905.875,0
2026-02-15,14:00:00,68903.5546875,69143.0546875,68887.078125,69109.890625,0
2026-02-15,15:00:00,69121.3984375,69196.09375,68861.7421875,69055.6328125,0
2026-02-15,16:00:00,69059.234375,69059.234375,68799.0859375,69018.3046875,0
2026-02-15,17:00:00,69008.5703125,69050.4375,68258.359375,68599.8359375,0
2026-02-15,18:00:00,68599.2890625,68733.8203125,68348.71875,68388.75,2165628928
2026-02-15,19:00:00,68449.6640625,68510.953125,68084.453125,68289.0546875,1841893376
2026-02-15,20:00:00,68246.6171875,68490.2109375,68137.8984375,68430.1015625,0
2026-02-15,21:00:00,68417.0234375,68884.2734375,68417.0234375,68852.7734375,28913664
2026-02-15,22:00:00,68847.5390625,69026.75,68770.9375,68935.359375,0
2026-02-15,23:00:00,68933.7109375,68933.7109375,68338.96875,68750.171875,84398080
2026-02-16,00:00:00,68776.75,69009.1015625,68713.3828125,68843.0625,184049664
2026-02-16,01:00:00,68809.671875,68999.546875,68460.125,68605.6484375,0
2026-02-16,02:00:00,68594.2109375,68703.5,68235.6953125,68298.8359375,297607168
2026-02-16,03:00:00,68296.8671875,68409.5390625,68138.46875,68382.5234375,0
2026-02-16,04:00:00,68388.3828125,68846.7578125,68388.3828125,68832.8984375,0
2026-02-16,05:00:00,68839.875,68839.875,68286.5546875,68370.9921875,196956160
2026-02-16,06:00:00,68361.171875,68480.8828125,68225.84375,68420.9296875,0
2026-02-16,07:00:00,68422.0,68637.3359375,68357.75,68540.9375,0
2026-02-16,08:00:00,68546.1484375,68742.2734375,68523.09375,68737.7421875,0
2026-02-16,09:00:00,68736.5859375,69019.5703125,68723.8203125,68958.3671875,53538816
2026-02-16,10:00:00,68957.2265625,68957.2265625,68696.9921875,68774.8515625,0
2026-02-16,11:00:00,68761.6796875,68858.4609375,68334.484375,68831.296875,144420864
2026-02-16,12:00:00,68821.171875,69762.0859375,68781.7109375,69743.796875,695001088
2026-02-16,13:00:00,69723.6796875,70006.734375,68229.5,68380.53125,264687616
2026-02-16,14:00:00,68369.28125,68599.046875,68277.0078125,68421.921875,376889344
2026-02-16,15:00:00,68382.15625,68529.5078125,67316.984375,67508.296875,2345316352
2026-02-16,16:00:00,67497.1796875,67899.6171875,67497.1796875,67837.59375,105246720
2026-02-16,17:00:00,67850.5390625,68013.7734375,67593.7421875,67921.6953125,0
2026-02-16,18:00:00,67919.3203125,68192.6328125,67820.078125,67831.421875,0
2026-02-16,19:00:00,67831.625,68064.5859375,67796.6484375,67921.140625,0
2026-02-16,20:00:00,67890.890625,68436.703125,67825.578125,68436.703125,0
2026-02-16,21:00:00,68491.7734375,68879.1171875,68414.4609375,68879.1171875,55095296
2026-02-16,22:00:00,68840.578125,68840.578125,68509.984375,68604.1953125,459511808
2026-02-16,23:00:00,68568.6328125,68941.3984375,68518.1796875,68851.21875,0
2026-02-17,00:00:00,68852.828125,68991.9921875,68677.4296875,68846.25,0
2026-02-17,01:00:00,68841.4765625,68941.2578125,68568.5625,68606.765625,139864064
2026-02-17,02:00:00,68586.609375,69201.8671875,68391.234375,68926.2578125,0
2026-02-17,03:00:00,68805.578125,68805.578125,68440.21875,68462.9296875,0
2026-02-17,04:00:00,68439.703125,68648.921875,68267.84375,68403.921875,0
2026-02-17,05:00:00,68432.421875,68461.109375,67903.1953125,68198.421875,440700928
2026-02-17,06:00:00,68203.0546875,68460.6796875,68203.0546875,68386.9375,0
2026-02-17,07:00:00,68382.25,68438.1953125,68154.484375,68365.078125,0
2026-02-17,08:00:00,68353.0390625,68436.59375,68102.5625,68135.6328125,0
2026-02-17,09:00:00,68142.8359375,68252.6640625,67952.109375,68072.1484375,9678848
2026-02-17,10:00:00,68083.03125,68127.3203125,67713.6875,67775.8359375,67244032
2026-02-17,11:00:00,67854.140625,67881.296875,67687.7578125,67828.8984375,0
2026-02-17,12:00:00,67808.421875,68246.140625,67802.8828125,67849.4296875,0
2026-02-17,13:00:00,67873.8984375,68293.75,67735.7734375,68081.3984375,0
2026-02-17,14:00:00,68094.296875,68293.2734375,66745.9296875,66916.4609375,959393792
2026-02-17,15:00:00,66837.203125,67363.21875,66662.6875,67354.390625,526827520
2026-02-17,16:00:00,67319.1484375,68069.484375,67319.1484375,67492.4296875,1101996032
2026-02-17,17:00:00,67487.765625,67671.640625,66952.8125,67231.84375,539088896
2026-02-17,18:00:00,67204.984375,68172.9453125,67126.8671875,68084.8203125,972363776
2026-02-17,19:00:00,68084.125,68144.765625,67752.5546875,67791.65625,648527872
2026-02-17,20:00:00,67763.9453125,67867.8203125,67515.1328125,67735.7890625,415297536
2026-02-17,21:00:00,67764.2734375,67890.7890625,67509.890625,67639.2109375,0
2026-02-17,22:00:00,67637.65625,67735.75,67491.8828125,67516.09375,0
2026-02-17,23:00:00,67509.9296875,67577.6796875,67389.2421875,67507.3203125,0
2026-02-18,00:00:00,67482.6484375,67593.421875,67263.7421875,67291.0,0
2026-02-18,01:00:00,67286.4609375,67329.53125,66877.9765625,67121.0625,218458112
2026-02-18,02:00:00,67126.4140625,67354.546875,67126.4140625,67306.3515625,0
2026-02-18,03:00:00,67290.2578125,67639.0546875,67290.2578125,67636.9921875,0
2026-02-18,04:00:00,67597.7109375,67820.765625,67471.21875,67760.2421875,0
2026-02-18,05:00:00,67767.2734375,67897.359375,67579.34375,67614.828125,0
2026-02-18,06:00:00,67609.28125,67921.2421875,67597.1953125,67809.1484375,0
2026-02-18,07:00:00,67811.515625,68168.6015625,67664.03125,68102.8046875,666810368
2026-02-18,08:00:00,68101.3828125,68400.0390625,68054.46875,68086.5859375,180414464
2026-02-18,09:00:00,68091.875,68242.640625,67999.4453125,68149.046875,0
2026-02-18,10:00:00,68132.3828125,68145.2578125,67737.59375,67750.2109375,0
2026-02-18,11:00:00,67762.5546875,67762.5546875,67113.7578125,67358.8671875,520798208
2026-02-18,12:00:00,67346.34375,67626.2265625,67346.34375,67478.890625,0
2026-02-18,13:00:00,67432.3828125,67557.6015625,67088.03125,67210.875,0
2026-02-18,14:00:00,67216.8203125,67333.8671875,66767.71875,67150.765625,0
2026-02-18,15:00:00,67257.75,68274.953125,67257.75,67606.5546875,0
2026-02-18,16:00:00,67661.4765625,67661.4765625,66996.9453125,67100.0,0
2026-02-18,17:00:00,67124.0625,67418.3359375,67032.5625,67140.1796875,0
2026-02-18,18:00:00,67147.2265625,67188.90625,66269.53125,66301.7265625,227389440
2026-02-18,19:00:00,66321.0,66538.0703125,65896.546875,66113.3984375,1026025472
2026-02-18,20:00:00,66169.171875,66494.734375,66135.6953125,66256.09375,367351808
2026-02-18,21:00:00,66218.625,66431.1484375,66082.7421875,66325.8046875,571430912
2026-02-18,22:00:00,66303.5546875,66424.140625,66217.5234375,66405.2421875,232194048
2026-02-18,23:00:00,66383.1171875,66467.7890625,66250.28125,66415.5234375,158214144
2026-02-19,00:00:00,66441.8515625,66519.34375,66323.90625,66419.1328125,380043264
2026-02-19,01:00:00,66413.0234375,66833.9140625,66413.0234375,66825.5234375,0
2026-02-19,02:00:00,66836.0703125,66926.3671875,66628.515625,66814.640625,102717440
2026-02-19,03:00:00,66808.796875,66928.09375,66719.5,66915.53125,84740096
2026-02-19,04:00:00,66953.765625,67026.265625,66739.40625,66789.984375,143282176
2026-02-19,05:00:00,66782.5,66839.6796875,66666.1640625,66835.296875,0
2026-02-19,06:00:00,66873.390625,67247.71875,66873.390625,67105.7734375,318400512
2026-02-19,07:00:00,67119.03125,67277.125,67020.4921875,67162.84375,0
2026-02-19,08:00:00,67186.15625,67186.15625,66797.953125,66918.140625,0
2026-02-19,09:00:00,66923.3671875,67149.0625,66754.8203125,66813.484375,73097216
2026-02-19,10:00:00,66811.84375,66921.15625,66749.6640625,66810.2578125,0
2026-02-19,11:00:00,66805.2890625,66890.34375,66470.890625,66470.9375,0
2026-02-19,12:00:00,66463.6171875,66625.578125,66331.1328125,66483.296875,166684672
2026-02-19,13:00:00,66490.0703125,66526.0,65792.34375,65880.5625,1036775424
2026-02-19,14:00:00,65891.7890625,66601.0078125,65672.125,66429.0859375,178354176
2026-02-19,15:00:00,66399.5546875,66692.1640625,65990.6875,66353.5703125,0
2026-02-19,16:00:00,66384.875,66474.859375,65965.78125,66340.359375,0
2026-02-19,17:00:00,66291.96875,67007.3671875,66191.3828125,66290.6875,498089984
2026-02-19,18:00:00,66320.6484375,67011.5234375,66253.875,66922.703125,0
2026-02-19,19:00:00,67005.46875,67165.4140625,66691.421875,67021.28125,0
2026-02-19,20:00:00,67024.2265625,67129.59375,66870.703125,67093.53125,0
2026-02-19,21:00:00,67095.4765625,67136.171875,66886.0078125,66900.234375,0
2026-02-19,22:00:00,66894.5546875,66912.203125,66636.453125,66912.203125,445130752
2026-02-19,23:00:00,66926.6796875,66988.2890625,66819.5,66944.359375,0
2026-02-20,00:00:00,66959.8671875,67384.4296875,66945.0,67228.1953125,450121728
2026-02-20,01:00:00,67222.1796875,67304.7265625,67132.765625,67254.0390625,0
2026-02-20,02:00:00,67255.5625,67312.875,67160.7890625,67261.328125,0
2026-02-20,03:00:00,67227.0703125,67448.2734375,67225.234375,67343.1328125,285358080
2026-02-20,04:00:00,67334.6015625,67341.234375,67112.5625,67233.375,57653248
2026-02-20,05:00:00,67235.1171875,67976.796875,67172.9453125,67743.9921875,983795712
2026-02-20,06:00:00,67757.8359375,67859.9140625,67658.75,67835.203125,240646144
2026-02-20,07:00:00,67819.1953125,67947.2734375,67761.796875,67780.3203125,0
2026-02-20,08:00:00,67804.140625,67907.4375,67732.1015625,67842.3046875,0
2026-02-20,09:00:00,67850.53125,68193.9375,67850.53125,68166.8203125,510959616
2026-02-20,10:00:00,68187.9765625,68260.71875,67895.515625,67912.8984375,0
2026-02-20,11:00:00,67904.40625,67934.84375,67410.9375,67410.9375,1116385280
2026-02-20,12:00:00,67318.1640625,67539.1953125,67299.28125,67501.0625,349444096
2026-02-20,13:00:00,67514.640625,67514.640625,66507.2109375,66736.4609375,2064957440
2026-02-20,14:00:00,66783.828125,67219.53125,66718.421875,67070.5546875,2165264384
2026-02-20,15:00:00,67073.0390625,67994.2421875,66587.2109375,67543.796875,2016649216
2026-02-20,16:00:00,67578.8046875,67870.515625,67308.828125,67753.578125,1054220288
2026-02-20,17:00:00,67832.125,67832.125,66999.8046875,67574.7734375,3142328320
2026-02-20,18:00:00,67597.484375,67940.15625,67462.8046875,67940.15625,1107406848
2026-02-20,19:00:00,67938.0703125,67974.46875,67543.1796875,67637.828125,298446848
2026-02-20,20:00:00,67628.1640625,67799.6953125,67559.5625,67704.0390625,279425024
2026-02-20,21:00:00,67725.75,67794.421875,67621.828125,67789.5703125,502231040
2026-02-20,22:00:00,67784.078125,68056.828125,67639.9609375,68043.890625,42770432
2026-02-20,23:00:00,68043.890625,68185.453125,67923.6171875,67999.625,237027328
2026-02-21,00:00:00,67996.2109375,67999.890625,67794.453125,67817.828125,0
2026-02-21,01:00:00,67815.0,67983.0703125,67815.0,67951.6953125,0
2026-02-21,02:00:00,67937.015625,68053.65625,67893.1015625,68005.3125,0
2026-02-21,03:00:00,67997.578125,67997.578125,67558.4375,67636.8515625,343064576
2026-02-21,04:00:00,67621.671875,67817.828125,67585.96875,67812.5078125,0
2026-02-21,05:00:00,67799.625,67860.2109375,67791.8359375,67828.4921875,0
2026-02-21,06:00:00,67829.1484375,67900.4453125,67736.3515625,67760.484375,0
2026-02-21,07:00:00,67766.5,67850.5,67737.140625,67836.328125,0
2026-02-21,08:00:00,67834.890625,68055.921875,67818.71875,68055.921875,0
2026-02-21,09:00:00,68038.7109375,68238.4921875,67971.28125,68127.8046875,0
2026-02-21,10:00:00,68147.625,68219.875,68129.3984375,68174.34375,0
2026-02-21,11:00:00,68186.6875,68246.34375,68070.296875,68070.296875,0
2026-02-21,12:00:00,68077.7734375,68173.328125,67921.765625,68173.328125,0
2026-02-21,13:00:00,68183.3984375,68228.453125,68106.484375,68228.453125,0
2026-02-21,14:00:00,68246.828125,68548.7734375,68183.59375,68451.859375,0
2026-02-21,15:00:00,68422.8828125,68640.890625,68420.234375,68631.53125,0
2026-02-21,16:00:00,68602.7890625,68602.7890625,68127.203125,68302.8984375,0
2026-02-21,17:00:00,68297.265625,68435.6484375,68222.453125,68400.296875,0
2026-02-21,18:00:00,68394.2421875,68612.6484375,68393.6796875,68554.546875,0
2026-02-21,19:00:00,68551.15625,68613.8359375,68514.09375,68526.921875,0
2026-02-21,20:00:00,68513.03125,68574.2265625,68316.7421875,68343.453125,0
2026-02-21,21:00:00,68206.7578125,68358.4375,68206.7578125,68353.4375,0
2026-02-21,22:00:00,68362.6796875,68392.7734375,67947.1640625,67947.1640625,0
2026-02-21,23:00:00,67972.3203125,68096.0234375,67936.3828125,67991.1796875,0
2026-02-22,00:00:00,67969.0390625,68028.1796875,67797.3125,67906.1796875,0
2026-02-22,01:00:00,67924.0390625,68144.4765625,67922.8984375,68118.921875,0
2026-02-22,02:00:00,68121.0234375,68197.609375,67868.4609375,67885.890625,54294528
2026-02-22,03:00:00,67889.3046875,68033.8203125,67838.8984375,68004.8359375,0
2026-02-22,04:00:00,68023.6875,68055.359375,67957.765625,67967.2265625,0
2026-02-22,05:00:00,67976.34375,67990.0,67868.3828125,67916.25,8597504
2026-02-22,06:00:00,67961.0546875,68133.8203125,67952.1953125,68042.4453125,80891904
2026-02-22,07:00:00,68034.7421875,68095.515625,67991.171875,67994.5234375,152813568
2026-02-22,08:00:00,67996.6015625,68001.234375,67918.84375,67970.7890625,0
2026-02-22,09:00:00,67959.5703125,68073.9140625,67959.5703125,68062.1796875,0
2026-02-22,10:00:00,68061.203125,68126.109375,68012.2421875,68123.90625,0
2026-02-22,11:00:00,68120.9609375,68228.453125,68120.9609375,68194.921875,0
2026-02-22,12:00:00,68197.59375,68207.8125,67888.328125,67939.3515625,0
2026-02-22,13:00:00,67928.921875,68014.015625,67600.1796875,67643.4375,676590592
2026-02-22,14:00:00,67640.2265625,67654.9140625,67374.6484375,67432.828125,0
2026-02-22,15:00:00,67430.265625,67791.53125,67310.578125,67687.765625,705101824
2026-02-22,16:00:00,67670.21875,67670.8828125,67508.5078125,67611.46875,0
2026-02-22,17:00:00,67608.6328125,67609.671875,67185.6015625,67351.78125,560443392
2026-02-22,18:00:00,67338.453125,67427.3828125,67295.78125,67409.9375,0
2026-02-22,19:00:00,67409.9375,67456.5390625,67380.40625,67398.5078125,0
2026-02-22,20:00:00,67400.375,67432.0078125,67339.421875,67355.0703125,0
2026-02-22,21:00:00,67350.828125,67592.5546875,67350.828125,67586.2265625,317214720
2026-02-22,22:00:00,67586.0625,67710.84375,67463.515625,67674.3671875,0
2026-02-22,23:00:00,67642.515625,67689.75,67467.8203125,67683.7890625,114765824
2026-02-23,00:00:00,67616.5390625,67633.90625,66794.609375,66794.609375,387495936
2026-02-23,01:00:00,66720.875,66720.875,64416.8203125,64598.59375,7399297024
2026-02-23,02:00:00,64424.27734375,64883.36328125,64400.73828125,64727.58984375,2702571520
2026-02-23,03:00:00,64773.41796875,65008.3359375,64691.06640625,64946.36328125,1391380480
2026-02-23,04:00:00,64958.4921875,64978.33984375,64681.89453125,64811.03515625,726140928
2026-02-23,05:00:00,64801.22265625,65172.890625,64801.22265625,65036.359375,1445154816
2026-02-23,06:00:00,65024.76953125,65762.984375,65024.76953125,65734.015625,1151135744
2026-02-23,07:00:00,65782.5390625,65970.2421875,65700.546875,65941.9375,1531883520
2026-02-23,08:00:00,65941.09375,65941.09375,65584.40625,65673.8359375,1101672448
2026-02-23,09:00:00,65757.1171875,66426.0546875,65716.1171875,66387.96875,988643328
2026-02-23,10:00:00,66393.609375,66528.5625,66245.109375,66308.2578125,1222590464
2026-02-23,11:00:00,66319.7734375,66463.6953125,66133.6796875,66182.5,598663168
2026-02-23,12:00:00,66190.59375,66494.0,65942.078125,66259.6328125,447062016
2026-02-23,13:00:00,66294.6953125,66367.9765625,66121.859375,66121.859375,550219776
2026-02-23,14:00:00,66132.7109375,66248.9375,65601.9921875,65867.7421875,749633536
2026-02-23,15:00:00,65906.265625,66161.359375,65659.359375,65696.8359375,337715200
2026-02-23,16:00:00,65641.609375,65714.46875,65193.8125,65304.8828125,1943449600
2026-02-23,17:00:00,65402.16015625,65409.16015625,64396.06640625,64738.64453125,2347921408
2026-02-23,18:00:00,64698.46875,65126.1171875,64595.89453125,64595.89453125,466255872
2026-02-23,19:00:00,64630.234375,64802.7890625,64162.43359375,64333.2734375,2623049728
2026-02-23,20:00:00,64289.92578125,64430.45703125,63970.53125,64430.45703125,1134514176
2026-02-23,21:00:00,64440.0703125,64722.14453125,64440.0703125,64594.91796875,1185783808
2026-02-23,22:00:00,64564.26953125,64984.12890625,64564.26953125,64745.125,771702784
2026-02-23,23:00:00,64699.74609375,64871.7109375,64536.0625,64567.2890625,213041152
2026-02-24,00:00:00,64701.20703125,64972.7421875,64652.33984375,64912.8125,0
2026-02-24,01:00:00,64868.515625,64868.515625,63514.08203125,64138.8125,0
2026-02-24,02:00:00,64141.0390625,64456.08984375,63998.11328125,64104.38671875,0
2026-02-24,03:00:00,64050.34765625,64050.34765625,63415.9140625,63548.0234375,0
2026-02-24,04:00:00,63546.05859375,63546.05859375,62911.2265625,63301.16015625,1329778688
2026-02-24,05:00:00,63320.25,63521.89453125,62709.8203125,63070.01171875,245972992
2026-02-24,06:00:00,63075.02734375,63274.9609375,62889.5703125,63054.20703125,0
2026-02-24,07:00:00,63071.03515625,63324.1796875,63006.93359375,63134.9609375,0
2026-02-24,08:00:00,63148.3671875,63403.109375,63033.83203125,63403.109375,81084416
2026-02-24,09:00:00,63387.87890625,63387.87890625,62970.3203125,63228.16796875,0
2026-02-24,10:00:00,63232.64453125,63327.28515625,63147.58203125,63286.55078125,0
2026-02-24,11:00:00,63275.96875,63292.1640625,63088.2109375,63193.3125,32129024
2026-02-24,12:00:00,63224.34375,63325.0625,62957.0234375,62957.0234375,0
2026-02-24,13:00:00,62957.91015625,63081.03515625,62646.765625,62961.20703125,1003991040
2026-02-24,14:00:00,62910.328125,63704.7265625,62810.5546875,63470.140625,0
2026-02-24,15:00:00,63454.60546875,64001.703125,63379.296875,64001.703125,599150592
2026-02-24,16:00:00,63974.6875,64350.234375,63749.65625,64227.59375,0
2026-02-24,17:00:00,64262.2109375,64472.95703125,64102.2421875,64228.8046875,108855296
2026-02-24,18:00:00,64252.3828125,64484.63671875,63964.1328125,64427.65234375,0
2026-02-24,19:00:00,64420.1875,64716.69921875,64261.38671875,64453.90234375,0
2026-02-24,20:00:00,64461.0390625,64562.3359375,64331.4765625,64453.00390625,0
2026-02-24,21:00:00,64471.140625,64471.140625,63895.6953125,64064.83203125,0
2026-02-24,22:00:00,64066.828125,64216.2265625,64011.45703125,64114.7109375,0
2026-02-24,23:00:00,64115.55859375,64231.4609375,63875.67578125,64069.87109375,0
2026-02-25,00:00:00,64051.15625,64298.78515625,63946.1796875,64236.2734375,0
2026-02-25,01:00:00,64209.01171875,66247.15625,64209.01171875,65926.2578125,1085161472
2026-02-25,02:00:00,65914.9375,66254.109375,65898.5078125,65898.5078125,610910208
2026-02-25,03:00:00,65913.1015625,65933.09375,65408.60546875,65408.60546875,0
2026-02-25,04:00:00,65399.640625,65623.171875,65230.22265625,65447.0625,0
2026-02-25,05:00:00,65452.21875,65488.21875,64800.80078125,64880.109375,0
2026-02-25,06:00:00,64892.1640625,65104.5078125,64881.859375,64881.859375,0
2026-02-25,07:00:00,64881.31640625,65169.77734375,64791.31640625,65021.8671875,0
2026-02-25,08:00:00,65025.28515625,65542.46875,64975.15625,65525.97265625,367554560
2026-02-25,09:00:00,65515.85546875,65638.8984375,65447.3046875,65559.4921875,0
2026-02-25,10:00:00,65552.953125,65565.90625,65354.796875,65365.82421875,0
2026-02-25,11:00:00,65395.83984375,65466.21484375,65199.22265625,65386.45703125,0
2026-02-25,12:00:00,65432.7890625,66199.8671875,65337.83203125,66031.09375,806313984
2026-02-25,13:00:00,66106.515625,66530.1875,66022.0234375,66241.3125,0
2026-02-25,14:00:00,66256.5234375,66909.9296875,66240.09375,66909.9296875,568209408
2026-02-25,15:00:00,66969.59375,67482.5390625,66743.1953125,67273.5234375,1881927680
2026-02-25,16:00:00,67489.59375,68298.890625,67466.546875,68298.890625,795623424
2026-02-25,17:00:00,68294.4375,68857.921875,68093.578125,68626.4140625,2329370624
2026-02-25,18:00:00,68699.96875,69531.609375,68429.453125,69373.6328125,2333483008
2026-02-25,19:00:00,69359.015625,69359.015625,68832.765625,69070.765625,1317265408
2026-02-25,20:00:00,69053.46875,69376.1484375,68671.1953125,69219.953125,1146933248
2026-02-25,21:00:00,69195.2421875,69953.53125,68833.6796875,68883.7109375,1541271552
2026-02-25,22:00:00,68956.046875,69166.4375,68122.4140625,68304.9453125,562003968
2026-02-25,23:00:00,68458.0546875,68648.2734375,67680.640625,67972.640625,1552936960
2026-02-26,00:00:00,67982.34375,68480.671875,67769.15625,68336.0703125,1687822336
2026-02-26,01:00:00,68347.3984375,68666.40625,68249.6796875,68287.078125,0
2026-02-26,02:00:00,68216.375,68296.6015625,67836.8671875,68278.4921875,0
2026-02-26,03:00:00,68250.375,68296.5546875,68063.6484375,68193.25,0
2026-02-26,04:00:00,68201.1328125,68816.8984375,68201.1328125,68588.71875,665313280
2026-02-26,05:00:00,68561.859375,68562.1796875,68168.703125,68429.953125,0
2026-02-26,06:00:00,68435.0546875,68519.0,68105.03125,68190.3203125,3483697152
2026-02-26,07:00:00,68175.6484375,68260.6328125,67843.3046875,67876.796875,0
2026-02-26,08:00:00,67851.234375,68191.09375,67840.4609375,67954.359375,395726848
2026-02-26,09:00:00,67953.5390625,68617.859375,67953.5390625,68553.5625,567894016
2026-02-26,10:00:00,68582.4140625,68704.484375,68270.6796875,68298.1171875,228048896
2026-02-26,11:00:00,68292.0625,68364.7890625,67987.203125,68018.875,463794176
2026-02-26,12:00:00,68037.1171875,68285.3515625,68037.1171875,68175.6015625,0
2026-02-26,13:00:00,68162.046875,68201.8203125,67870.9375,67926.7265625,0
2026-02-26,14:00:00,67912.2421875,68205.3671875,67309.359375,67680.6875,0
2026-02-26,15:00:00,67658.1171875,67658.1171875,66810.84375,67410.421875,837812224
2026-02-26,16:00:00,67383.7421875,67514.53125,66596.4921875,66596.4921875,0
2026-02-26,17:00:00,66637.3046875,66987.2734375,66636.5546875,66826.6328125,0
2026-02-26,18:00:00,66824.1796875,67344.71875,66587.921875,67336.1875,0
2026-02-26,19:00:00,67296.6328125,67743.3671875,67296.6328125,67557.1796875,0
2026-02-26,20:00:00,67635.0546875,67803.75,67296.234375,67423.90625,0
2026-02-26,21:00:00,67369.703125,67563.6015625,67208.703125,67459.8203125,0
2026-02-26,22:00:00,67459.6796875,67623.953125,67364.921875,67544.796875,0
2026-02-26,23:00:00,67513.4609375,67621.21875,67417.0390625,67454.8984375,0
2026-02-27,00:00:00,67476.703125,67536.28125,67049.78125,67210.71875,0
2026-02-27,01:00:00,67228.7890625,67309.984375,66907.7265625,67286.1484375,81784832
2026-02-27,02:00:00,67362.796875,67525.6796875,67300.921875,67362.4765625,0
2026-02-27,03:00:00,67295.7421875,67679.5390625,67110.3125,67641.2578125,454406144
2026-02-27,04:00:00,67614.078125,68220.40625,67614.078125,67750.015625,978874368
2026-02-27,05:00:00,67737.1328125,67905.53125,67699.2890625,67699.2890625,0
2026-02-27,06:00:00,67708.671875,67816.0546875,67545.1640625,67665.2265625,0
2026-02-27,07:00:00,67680.2578125,67731.8203125,67474.1953125,67696.2578125,0
2026-02-27,08:00:00,67696.1953125,68059.9140625,67696.1953125,67982.375,0
2026-02-27,09:00:00,67954.6875,68026.46875,67331.7578125,67388.1484375,430137344
2026-02-27,10:00:00,67384.828125,67384.828125,66610.03125,66645.5546875,0
2026-02-27,11:00:00,66696.5625,66767.8125,66027.4921875,66110.796875,2049581056
2026-02-27,12:00:00,66133.5390625,66188.7578125,65765.1015625,65805.46875,1124368384
2026-02-27,13:00:00,65916.296875,66277.125,65682.15625,66173.640625,781705216
2026-02-27,14:00:00,66285.390625,66330.2109375,65754.3515625,65862.6015625,0
2026-02-27,15:00:00,65901.0546875,66253.375,65890.546875,66120.5546875,0
2026-02-27,16:00:00,66095.578125,66111.265625,65493.80078125,65505.83984375,0
2026-02-27,17:00:00,65486.2109375,65659.328125,65183.421875,65659.328125,0
2026-02-27,18:00:00,65695.625,65731.8984375,65247.95703125,65299.4375,0
2026-02-27,19:00:00,65304.4609375,65439.8046875,65186.44921875,65419.8515625,0
2026-02-27,20:00:00,65400.1015625,65634.1953125,65400.1015625,65576.59375,0
2026-02-27,21:00:00,65590.0625,65729.765625,65407.9375,65518.3984375,0
2026-02-27,22:00:00,65550.421875,65651.59375,64946.03515625,65595.28125,537399296
2026-02-27,23:00:00,65576.3125,65946.171875,65572.21875,65888.90625,0
2026-02-28,00:00:00,65869.328125,66003.1328125,65757.53125,65946.0078125,0
2026-02-28,01:00:00,65938.5625,65961.859375,65771.2734375,65811.4375,0
2026-02-28,02:00:00,65803.46875,65993.96875,65766.2578125,65983.046875,0
2026-02-28,03:00:00,65977.078125,65977.078125,65769.28125,65798.34375,0
2026-02-28,04:00:00,65788.953125,65807.4375,65509.7265625,65664.78125,0
2026-02-28,05:00:00,65667.609375,65716.5390625,65504.71484375,65529.15625,0
2026-02-28,06:00:00,65570.578125,65585.109375,63106.07421875,63106.07421875,2928791552
2026-02-28,07:00:00,63245.12890625,64262.75390625,63245.12890625,63853.66796875,2723946496
2026-02-28,08:00:00,63841.03515625,63841.03515625,63426.86328125,63426.86328125,0
2026-02-28,09:00:00,63463.44140625,63918.9609375,63392.8203125,63688.921875,635158528
2026-02-28,10:00:00,63627.47265625,64012.69921875,63501.015625,64001.16015625,0
2026-02-28,11:00:00,63995.890625,64296.6484375,63833.8828125,63836.734375,0
2026-02-28,12:00:00,63844.67578125,64076.26171875,63844.67578125,64032.43359375,0
2026-02-28,13:00:00,64012.40625,64996.7265625,63929.5078125,64996.7265625,0
2026-02-28,14:00:00,65164.80078125,65345.70703125,64378.50390625,64490.59765625,1171726336
2026-02-28,15:00:00,64449.14453125,64999.91015625,64330.0078125,64862.44140625,0
2026-02-28,16:00:00,64847.68359375,65174.91015625,64686.76171875,65147.98046875,0
2026-02-28,17:00:00,65108.390625,65421.79296875,64900.86328125,65421.79296875,0
2026-02-28,18:00:00,65430.328125,66093.296875,65205.1484375,65889.9765625,0
2026-02-28,19:00:00,65905.859375,66638.265625,65667.5234375,66335.4375,1341923328
2026-02-28,20:00:00,66390.0546875,67126.859375,66230.0546875,66903.65625,566038528
2026-02-28,21:00:00,66959.65625,66959.65625,66442.9296875,66758.203125,791711744
2026-02-28,22:00:00,66723.3671875,67606.5546875,66692.09375,67276.6796875,843771904
2026-02-28,23:00:00,67116.9921875,67196.2109375,66773.25,66967.6484375,438472704
2026-03-01,00:00:00,66997.25,67039.0546875,66663.75,66821.7734375,0
2026-03-01,01:00:00,66680.6640625,67577.9375,66115.8828125,67271.4453125,2070257664
2026-03-01,02:00:00,67334.71875,68143.15625,67334.71875,67667.5390625,2856984576
2026-03-01,03:00:00,67647.1015625,67805.3046875,67435.140625,67487.265625,0
2026-03-01,04:00:00,67574.7109375,67592.6796875,67103.2421875,67314.8828125,1510752256
2026-03-01,05:00:00,67341.25,67547.921875,67239.46875,67322.9296875,886345728
2026-03-01,06:00:00,67311.671875,67322.359375,66833.4140625,66941.3515625,0
2026-03-01,07:00:00,66935.0703125,67206.7734375,66793.0625,67120.640625,0
2026-03-01,08:00:00,67143.484375,67279.4765625,66528.609375,66539.4453125,0
2026-03-01,09:00:00,66554.5234375,66724.671875,66305.125,66373.390625,164118528
2026-03-01,10:00:00,66458.4609375,66727.0,66299.078125,66472.515625,0
2026-03-01,11:00:00,66491.125,66631.5546875,66401.1875,66468.6328125,0
2026-03-01,12:00:00,66467.8359375,66537.9609375,66254.0859375,66342.71875,0
2026-03-01,13:00:00,66313.9296875,67175.6640625,66168.3359375,66990.5078125,0
2026-03-01,14:00:00,66947.65625,67292.4140625,66790.4296875,66875.765625,0
2026-03-01,15:00:00,66852.8203125,67234.2578125,66852.8203125,66880.40625,0
2026-03-01,16:00:00,66834.2734375,67071.46875,66030.953125,66168.8828125,1017520128
2026-03-01,17:00:00,66168.1875,66208.25,65762.59375,66061.0078125,236429312
2026-03-01,18:00:00,66000.0078125,66602.0078125,66000.0078125,66302.34375,452481024
2026-03-01,19:00:00,66313.4453125,66342.96875,65811.1875,65957.3046875,0
2026-03-01,20:00:00,65962.25,65962.25,65114.421875,65328.14453125,178216960
2026-03-01,21:00:00,65330.88671875,65743.03125,65329.12109375,65743.03125,0
2026-03-01,22:00:00,65692.3515625,66327.6328125,65123.96484375,65249.9296875,517210112
2026-03-01,23:00:00,65230.65625,66023.015625,65230.65625,65722.3046875,600612864
2026-03-02,00:00:00,65758.1015625,66667.203125,65758.1015625,66532.3828125,667893760
2026-03-02,01:00:00,66503.2890625,66998.765625,66422.015625,66532.8046875,0
2026-03-02,02:00:00,66538.0234375,66583.21875,65946.2890625,66341.1875,0
2026-03-02,03:00:00,66289.5390625,66977.2578125,66164.34375,66826.21875,0
2026-03-02,04:00:00,66820.390625,66962.8359375,66657.203125,66791.6953125,0
2026-03-02,05:00:00,66841.4296875,66972.796875,66609.2578125,66789.375,545562624
2026-03-02,06:00:00,66712.28125,66712.28125,66103.8046875,66230.34375,0
2026-03-02,07:00:00,66211.453125,66211.453125,65567.609375,65960.0234375,731410432
2026-03-02,08:00:00,65977.1953125,66291.421875,65695.4375,66252.703125,0
2026-03-02,09:00:00,66274.4453125,66577.0703125,66218.4609375,66237.2890625,938999808
2026-03-02,10:00:00,66162.609375,66340.4609375,66118.3671875,66262.90625,407199744
2026-03-02,11:00:00,66301.546875,66439.4375,66063.90625,66305.390625,989827072
2026-03-02,12:00:00,66339.2109375,66388.640625,65928.59375,65961.5625,384339968
2026-03-02,13:00:00,65962.65625,66103.5,65370.5,65444.7578125,741318656
2026-03-02,14:00:00,65452.21875,67189.2890625,65309.109375,67064.1328125,2290221056
2026-03-02,15:00:00,67106.796875,69532.4140625,67076.1953125,69062.390625,5999210496
2026-03-02,16:00:00,69127.8203125,70024.0625,69022.0234375,69511.75,3535863808
2026-03-02,17:00:00,69455.71875,69491.8828125,68857.4453125,69117.0234375,1167335424
2026-03-02,18:00:00,69182.984375,69227.859375,68829.765625,68984.875,680484864
2026-03-02,19:00:00,68891.8046875,69030.9140625,68620.5,68949.6328125,860475392
2026-03-02,20:00:00,68963.578125,69450.2265625,68676.7734375,69291.546875,343801856
2026-03-02,21:00:00,69171.9765625,69525.984375,69052.0859375,69425.90625,0
2026-03-02,22:00:00,69429.8828125,69497.6640625,69187.3359375,69370.515625,0
2026-03-02,23:00:00,69395.6796875,69449.265625,68789.625,68793.3828125,0
2026-03-03,00:00:00,68804.5859375,69151.0859375,68701.4375,69013.921875,0
2026-03-03,01:00:00,69103.2265625,69220.9921875,68799.0078125,68807.1796875,0
2026-03-03,02:00:00,68753.421875,68753.421875,68266.515625,68532.8984375,1382838272
2026-03-03,03:00:00,68524.828125,68524.828125,68250.2578125,68360.0859375,0
2026-03-03,04:00:00,68364.46875,68429.125,68053.5078125,68106.1875,0
2026-03-03,05:00:00,68111.9296875,68525.1953125,67864.109375,67875.953125,128315392
2026-03-03,06:00:00,67938.8359375,68093.921875,67834.8125,68093.921875,0
2026-03-03,07:00:00,68125.5,68240.46875,67954.1875,68182.3203125,311177216
2026-03-03,08:00:00,68172.9140625,68248.921875,66930.7265625,66989.2109375,264359936
2026-03-03,09:00:00,66983.265625,67107.046875,66401.0546875,66648.625,595922944
2026-03-03,10:00:00,66641.0,66879.2890625,66451.46875,66712.203125,890499072
2026-03-03,11:00:00,66834.5703125,67145.9609375,66774.7109375,67054.8515625,488927232
2026-03-03,12:00:00,67075.09375,67754.734375,67075.09375,67396.375,1031700480
2026-03-03,13:00:00,67390.3828125,67390.3828125,66688.3203125,66931.0,0
2026-03-03,14:00:00,66893.0078125,67316.59375,66317.4453125,66571.3359375,0
2026-03-03,15:00:00,66565.7734375,67766.3203125,66565.7734375,67582.1015625,0
2026-03-03,16:00:00,67747.265625,68938.3828125,67617.75,68285.9375,0
2026-03-03,17:00:00,68121.453125,68354.9296875,67760.21875,68309.140625,0
2026-03-03,18:00:00,68316.7890625,68828.2734375,68010.4296875,68679.78125,22487040
2026-03-03,19:00:00,68634.2734375,68887.421875,68375.7734375,68455.4296875,23232512
2026-03-03,20:00:00,68455.8125,68514.34375,68119.0859375,68213.5546875,0
2026-03-03,21:00:00,68225.578125,68225.578125,67858.7109375,68064.7890625,0
2026-03-03,22:00:00,68059.0234375,68502.46875,68059.0234375,68271.6015625,0
2026-03-03,23:00:00,68314.2421875,68728.7890625,68281.9375,68300.28125,0
2026-03-04,00:00:00,68317.765625,68397.90625,67934.5078125,68185.59375,658296832
2026-03-04,01:00:00,68120.4921875,68881.15625,68003.03125,68423.7578125,1048698880
2026-03-04,02:00:00,68417.7890625,68417.7890625,68030.9375,68309.296875,0
2026-03-04,03:00:00,68316.03125,68326.6796875,67449.2734375,67669.0625,1025560576
2026-03-04,04:00:00,67778.3828125,67911.5859375,67496.234375,67811.9609375,1125609472
2026-03-04,05:00:00,67813.625,68357.0546875,67732.5234375,68270.9296875,1095266304
2026-03-04,06:00:00,68209.109375,68650.125,68099.5859375,68511.234375,1936293888
